Andhra Pradesh*Gujarat*Karnataka*Madhya Pradesh*Maharashtra*Tamil Nadu*Telangana
**Andhra Pradesh->Hyderabad Urban**Gujarat->Ahemadabad*Anand*Bharuch*Kheda*Kutch*Rajkot*Surat*Vadodar*Valsad**Karnataka->Bangalore Urban*Belgam**Madhya Pradesh->Indore**Maharashtra->Ahmadnagar*Amravathi*Aurangabad*Greater Bombay*Greater Mumbai*Jalgaon*Jalna*Kolhapur*Mumabai*Nagpur*Nashik*Pune*Sangli*Satara*Solapur*Thane*Yavatmal**Tamil Nadu->Chennai*Coimbatore*Krishnagiri**Telangana->Hyderabad**
**Andhra Pradesh->Hyderabad Urban->Ameerpeth*Hyderabad*Johnson Grammar School Extn Counter, Secunderabad*M G Road Secunderabad*Secunderabad**Gujarat->Ahemadabad->Ashram Road*Bapunagar*Gujarat Regional Office*Maninagar*Naroda Industrial Estate Branch*Naroda Road*Narol*Nava Vadaj*Odhav*Paldi*Pankore Naka Branch*Raipur*Relief Road*Satellite Branch*University**Gujarat->Anand->Anand**Gujarat->Bharuch->Ankleshwar Branch**Gujarat->Kheda->Nadiad Branch**Gujarat->Kutch->Gandhidham**Gujarat->Rajkot->Morbi*Rajkot**Gujarat->Surat->Magob*Surat**Gujarat->Vadodar->Kothipole*Productivity Road*Sama Road*Subhanpura*Vip Road*Waghodia Road**Gujarat->Valsad->Vapi**Karnataka->Bangalore Urban->Bangalore**Karnataka->Belgam->Maruti Lane Belgaum*Nipani*Tilakwadi**Madhya Pradesh->Indore->Indore*Shridevi Annapurna High School Extension Counter**Maharashtra->Ahmadnagar->Ahmadnagar**Maharashtra->Amravathi->Badnera Road*Jawahar Road*Market Yard**Maharashtra->Aurangabad->Aurangabad*Cidco*Deogiri College Extn Counter, Aurangabad*Hudco*Massia Extension Counter ,central Aurangabad**Maharashtra->Greater Bombay->Andheri*Bandra*Borivali West*Chembur*Dadar West*Dahisar-e*Fort*Ghatkopar*Goregaon-w*Kandivali West*Malad*Malad (w)*Mandvi*Mulund West*Powai Extension*Santacruz-e*Thakur Vidyamandir Extn Counter, Borivli*Vashi*Vile Parle East*Zaveri Bazar**Maharashtra->Greater Mumbai->Mulund East*Veera Desai Road Andheri West**Maharashtra->Jalgaon->Balaji Lane Bhusawal*M.g. Market Jalgaon*M.t Road Bhusawal*Sant Gadge Baba Engineering College, Extn. Bhusawal**Maharashtra->Jalna->Jalna**Maharashtra->Kolhapur->Ichalkarnji*Laxmipuri Kolhapur*Shahupuri Kolhapur**Maharashtra->Mumabai->Borivali East*Goregaon*Matunga (e)**Maharashtra->Nagpur->Nagpur**Maharashtra->Nashik->D.s.kothari Kanyashala Extn Counter, Nasik*Nashik*Pethe Vidyalaya Extn Counter, Nasik*Rangubai Junnare High School Extn Counter, Nasik**Maharashtra->Pune->Ajmera*Alandi*Aundh - Sanewadi*Aundh Gaon*Baner*Baramati*Chakan*Chinchwad*Deccan Gymkhana*Dnyana Prabodhini*Fatimanagar Branch*Ganesh Nagar*Gokhale Nagar*Hadapsar*Kasba Raviwar*Katraj*Khadki Bazar*Kirloskar Oil Engines Ltd.*Kondhwa Branch*Koregaon Park*Kothrud*Laxmi Road*Laxmi Road Special Service Cell*Parvati Darshan*Pashan*Paud Road*Pavana Industrial Premises Co-op Society Ltd.*Pimpri*Poona Blind School Extn Counter,kothrud*Pune Camp*Sarhad Extension*Sinhgad Road Branch*Tilak Road*University Road - Shatabdi Bhavan*Vithalwadi*Warje**Maharashtra->Sangli->Sangli**Maharashtra->Satara->Karad*Phaltan Branch*Satara Road Branch**Maharashtra->Solapur->Solapur**Maharashtra->Thane->Airoli*Bhayander-w*Dombivali*Ghodbandar Road*Institute Of Management & Computer Studies, Thane*Thane*Vasai**Maharashtra->Yavatmal->Yavatmal**Tamil Nadu->Chennai->Anna Nagar Branch*Madipakkam**Tamil Nadu->Coimbatore->R.s.puram Coimbatore**Tamil Nadu->Krishnagiri->Hosur Branch**Telangana->Hyderabad->Habsiguda Extn.**
**Andhra Pradesh->Hyderabad Urban->Ameerpeth->Mch No. 8-3-940 & 940/a To E Tirunalla Yellareddyguda, Shah Residency, Ameer Pet, Hyderabad 500016 Andhra Pradesh*Mr. Agale Vishwas ,manager Ph.no.040-23738688*COSB0000048*500164003**Andhra Pradesh->Hyderabad Urban->Hyderabad->3 - 5 - 798, Prathima Schalass, New No.248, Street No.8, Hyderguda, King Koti Road, Hyderabad - 500 029*Mr. Bakshi Makaranda, Manager, 040-23231705 Fax.040-23231694*COSB0000030*500164001**Andhra Pradesh->Hyderabad Urban->Johnson Grammar School Extn Counter, Secunderabad->Raghavendra Nagar, Nacharam, Hyderabad 500076*Ph.no.040-27177562*COSB0000913*500164001**Andhra Pradesh->Hyderabad Urban->M G Road Secunderabad->M.g.road,secunderabad,andhra Pradesh.*Mr. Jagtap Mukund, Manager,ph. No.040-27819100*COSB0000069*500164001**Andhra Pradesh->Hyderabad Urban->Secunderabad->? Hari-har?, 1-8-303/48/1/g Sardar Patel Road Secundarabad 500003 A. P.*Ph. No.040-27898791, 27898792*COSB0000045*500164002**Gujarat->Ahemadabad->Ashram Road->1st Floor, Cosmos Bhavan ( Ho Building ) Ashram Road Ahmedabad 380009*Mr.patel Vikrambhai, Manager, Ph.no.079-27545693,27545694*COSB0000049*380164003**Gujarat->Ahemadabad->Bapunagar->Anand Estate, Municipal Industrial Corner, Bapunagar Ahmedabad 380024*Mr.patel Hemantbhai, Manager,ph.no.079-22740540*COSB0000055*380164004**Gujarat->Ahemadabad->Gujarat Regional Office->Cosmos Bhavan Near Mahila Milan Mandir Opp. Sales India Near Income Tax Ashram Road Ahmedabad 380009*Mr.rana Avinash ,general Manager, Ph.no.079-27542175*COSB0000061*380164002**Gujarat->Ahemadabad->Maninagar->Abad Bank Centre Bhairavanath Road Near Telephone Exchange Maninagar Ahmedabad 380028*Mr. Patel Nandlal ,manager, Ph.no.079-25431458*COSB0000056*380164006**Gujarat->Ahemadabad->Naroda Industrial Estate Branch->G.i.d.c. Estate, Naroda, Ahmedabad 382330*Mr. Sandeep Shah, Manager, Ph.no.079-22817757*COSB0000072*380164016**Gujarat->Ahemadabad->Naroda Road->Besides Satluj Hotel Near S.t. Workshop Naroda Road Ahmedabad 380025*Mr.patel Rasikbhai, Manager, Ph.no.079-22821727*COSB0000051*380164007**Gujarat->Ahemadabad->Narol->1st Floor Karnavati Complex Narol Char Rasta Ahmedabad 382405*Mr. Vyas Mrugank, Manager,ph.no.079-25712006*COSB0000057*380164008**Gujarat->Ahemadabad->Nava Vadaj->Chhello Vas, Near Vadi School, Nava Vadaj Ahmedabad 380013*Mr.suthar Upendrabhai, Manager,ph.no.079-27642773*COSB0000054*380164009**Gujarat->Ahemadabad->Odhav->2, Vallabh Nagar Society Near Bhikshuk Gruh Odhav Road Ahmedabad, 382415*Mr. Patel Jashvanbhai, Manager,ph.no.079-22870117*COSB0000060*380164010**Gujarat->Ahemadabad->Paldi->Aditya S.no. 12-14 Paldi Ahmedabad 380007*Mr.mistry Bharatbhai, Manager, Ph.no.079-26588607*COSB0000052*380164011**Gujarat->Ahemadabad->Pankore Naka Branch->Opp Ramakada Naka, Ahmedabad 380001*079-25356527*COSB0000076*380164017**Gujarat->Ahemadabad->Raipur->C - Block, Ground Floor, Shri Ghantakarna Mahavir Cloth Market Near New Cloth Market Sarangpur Ahmedabad 380002*Mrs.rawal Indiraben ,manager, Ph.no.079-22164757*COSB0000053*380164012**Gujarat->Ahemadabad->Relief Road->Cosmos Bank Chamber Patthar Kuva Near Petrol Pump Relief Road, Ahmedabad 380001*Mr. Patel Harshad, Manager,ph.no.079-25351142*COSB0000050*380164014**Gujarat->Ahemadabad->Satellite Branch->Opp. Model Cinema Gandhi Road Ahmedabad 380001*Mr.shukla Kalpeshbhai, Manager,ph.no.079-26767686*COSB0000058*380164015**Gujarat->Ahemadabad->University->Vishwakarma Mewada Chhatralay, Commerce 6 Roads, Navarangpura Ahmedabad 380009*Mr.shah Snehalbhai, Manager,ph.no.079-26564844*COSB0000059*380164013**Gujarat->Anand->Anand->Mafair Station Road, Opp. Such Money Exchange, Anand, Gujarat-388001*Chimanbhai Patel, 9426364678, 9898043063*COSB0000111*388164002**Gujarat->Bharuch->Ankleshwar Branch->F17, 1st Floor Ravi Kiran Complex, Behind Ashirwad Restaurant,near Gidc Bus Stop, Ankleshwar 393001*Mr. V.p. Shankarwala, Manager, Ph.no.02646-652106*COSB0000071*393164051**Gujarat->Kheda->Nadiad Branch->Virgo Shopping Arcade,santram Road, Opp-bus Stand, Nadiad, Gujarat-387001*Mr. Manish Chaudhary, 9825953123, 8128300331, 9898082039, 0268 2564090*COSB0000112*387164001**Gujarat->Kutch->Gandhidham->Shop No.1,2 &3 Nahta Chambers ,plot No. 240 Ward No.12-b,opp Gandhi Market, Gandhidham Kutch-370201*02836-230550*COSB0000082*370164001**Gujarat->Rajkot->Morbi->Sanala Road, Opp. Sardar Baug, Nr. Petrol Pump, Navrang Tiles, Morbi - 363641*02822-220800*COSB0000083*363164021**Gujarat->Rajkot->Rajkot->Shop No.1, Anant Chhaya Complex, S.no.433/a,city Servey No.2 Op.scheme No.22 Sub Plot No.202 Rajkot 360001*Mr. Shah Jitendrabhai, Manager,0281-2456640*COSB0000070*360164070**Gujarat->Surat->Magob->Plot No.8 & 9,block No.14,rev.s.no.18,near Bhaktidham Temple,surat Kadodara Main Road,magob,surat,gujarat 395010*Mr.ketan C.gandhi, 0261-2642400, 0261-2642500, 9427137173*COSB0000110*395164003**Gujarat->Surat->Surat->Meridian Tower, Udhana Darwaja, Near Rajkumar Theater, Surat 395 002*Mr. Shah Rajesh,ph.no. 0261-8365935, Fax.0261-2365449*COSB0000038*395164002**Gujarat->Vadodar->Kothipole->Kothipole Raopura Baroda 390001*Mr. Patel Piyushbhai, Manager, Ph.no.0265-3248707,3248708*COSB0000065*390164003**Gujarat->Vadodar->Productivity Road->24, Sampatrao Society Alkapuri Borada 390005*Mr. Patel Bharatbhai, Manager,ph.no.0265-3248765,3248766*COSB0000064*390164002**Gujarat->Vadodar->Sama Road->1-4, Rajlaxmi Society Abhilasha Char Rasta, Baroda 390008*Mr. Patel Bakulbhai, Manager, Ph.no.0265-3248713*COSB0000067*390164007**Gujarat->Vadodar->Subhanpura->Kapiraj Complex, Opposite Panchratna Subhanpura Road Baroda 390007*Mr. Patel Kaushik ,manager, Ph.no.0265-3248709*COSB0000062*390164006**Gujarat->Vadodar->Vip Road->Snehsudha Apartment Vip Road Korali Baugh Baroda 390018*Mr. Patel Kedar, Manager ,ph.no.0265-3248712*COSB0000063*390164004**Gujarat->Vadodar->Waghodia Road->11-12 Parul Society Waghodia Road Baroda 390019*Mr. Patel Hashmukhbhai, Manager, Ph.no.0265-3248714*COSB0000066*390164005**Gujarat->Valsad->Vapi->Shop No.1,2,3 & 4, Shubham - 2, Vapi Daman Road, Challa, Vapi, Gujarat 396191*Naresh Jindal, 9328042919, 0260-2402919, 0260-2402019*COSB0000109*396164031**Karnataka->Bangalore Urban->Bangalore->26,s.s.plaza, Patlamma Street, South End Circle, Basavangudi, Bangalore 560 004*Mr. Kadam Rajesh, Manager,ph.080-26565392, Fax. 080-26565623*COSB0000039*560164002**Karnataka->Belgam->Maruti Lane Belgaum->Shop No 1 & 2, Shri Laxmi Sankul Cts No 1558/b2, Cde Maruti Lane Belgaum 590001*Mr Nitin Nimbalkar*COSB0000089*590164002**Karnataka->Belgam->Nipani->H.no.739 Ashok Nagar, Nipani. Pin Code No.591 237, Tal. Chikodi, Dist. Belgaum*08338-223594, 9011070097*COSB0000081*591164302**Karnataka->Belgam->Tilakwadi->Ground Floor, Bhandaricapital, Khanapur Road, Tilakwadi, Belgaum 590006*Mr. Girish Joshi*COSB0000091*590164003**Madhya Pradesh->Indore->Indore->Shanti Heights, 32/2, South Tukoganj, Indore 452 001 M.p.*Mr. Rayrikar Vinayak, Manager, Ph.0731-2528726 Fax.0731-4040044*COSB0000031*452164002**Madhya Pradesh->Indore->Shridevi Annapurna High School Extension Counter->Shridevi Annapurna Higher Secondary School Extn Counter, Annapurna Temple, Annapurna Road, Near Dashera Maidan, Indore*Mr. Rayrikar Vinayak, Manager,ph.no.0731-2480044*COSB0000917*452164002**Maharashtra->Ahmadnagar->Ahmadnagar->S. No. 143, Chowpattee Karanja Road, Ballal Estate, Opposite Idbi, Near Delhi Gate, Ahmednagar - 414 001.*Kshirsagar Prashant, 0241-2340311, 0241-2340312*COSB0000113*414164001**Maharashtra->Amravathi->Badnera Road->Municipal Corporation Complex, Behind Rajapeth-police Station, Badnera Road,amravati 444601 (maharashtra)*Mr.girish Ingale 9881070147*COSB0000105*444164103**Maharashtra->Amravathi->Jawahar Road->Jalaram Market,jawahar Road, Amravati (maharashtra) 444601*Mr. R.h. Sahu 9881903086*COSB0000103*444164102**Maharashtra->Amravathi->Market Yard->Agriculture Produce Market Committee Yard, New Cotton Market, V M V Road, Amravati. (maharashtra)*Mr.rajendra Deshmukh 9922410185*COSB0000104*444164104**Maharashtra->Aurangabad->Aurangabad->13001/1, New Rokadia Hanuman Coloney, Jalna Road, Aurangabad Pin - 431001*Mr.chavan Avinash, Manager, Ph.0240-2349626, Fax. 0240-2330963*COSB0000018*431164003**Maharashtra->Aurangabad->Cidco->Cidco Udyog Bhavan, New Aurangabad - 431003*Mr. Dahale Mukul ,manager ,ph.no.0240-2484390*COSB0000905*431164004**Maharashtra->Aurangabad->Deogiri College Extn Counter, Aurangabad->Deogiri College Aurangabad - 431005*Mr.chavan Avinash, Manager,ph.no.0240-2347544*COSB0000912*431164005**Maharashtra->Aurangabad->Hudco->Matoshree, N-9, J-1, Plot No 10, Tv Center Road, Hudco, Aurangabad-431003*Rakesh K Walmiki*COSB0000108*431164007**Maharashtra->Aurangabad->Massia Extension Counter ,central Aurangabad->P/15 More Chowk ,midc Walunj Dist:- Aurangabad*Dinesh Vinayak Phadke Phone No.95240-2553132*COSB0000918*431164006**Maharashtra->Greater Bombay->Andheri->Office No. 2, Dev Plaza 68, S. V. Road Opp Fire Brigade Andheri West Mumbai 400058*Mr.warekar Rajendra ,manager, Ph.no.022-26718472*COSB0000047*400164015**Maharashtra->Greater Bombay->Bandra->Lubina, Plot No. 76, Turner Road, Bandra (west), Mumbai - 400050*Mr. Joshi Vinayak, Manager, Ph. 022-26402884, Fax. 022-26403044*COSB0000043*400164013**Maharashtra->Greater Bombay->Borivali West->Krishna Nagar, Chandavarkar Road, Borivali (w), Mumbai 400 092*Mr. Gindi Mahesh, Manager, Ph.022-28903375*COSB0000024*400164007**Maharashtra->Greater Bombay->Chembur->Richmond Heights,central Avenue Road,ground Floor,plot 239,chembur Mumbai 400071*Mr.thombre Atul, Manager, Ph.022-25208142, 25208144*COSB0000042*400164012**Maharashtra->Greater Bombay->Dadar West->32/34, Neelkanth Niwas, D.l.vaidya Road, Off Ranade Rd., Dadar, Mumbai 400 028*Ph.022-24375354,24331173 Fax. 24379809*COSB0000012*400164002**Maharashtra->Greater Bombay->Dahisar-e->Sanghavi Exotica, Vamanrao Sawant Marg, Near Maratha Colony, Dahisar (east), Mumbai-400066*Prerana D. Sawant, 9820371872, 022-28975314, 022-28975341*COSB0000119*400164031**Maharashtra->Greater Bombay->Fort->229/231 Perin Nariman Street, Bazar Gate, Fort, Mumbai 400001*Mrs. Purohit Pradnya ,manager, Ph. No. 022-22632983, 22632985. Fax. No. 022-22656456*COSB0000036*400164010**Maharashtra->Greater Bombay->Ghatkopar->Meera Sagar Building, S.no.73, Plot No.958, P.t. - 4, Nauroji Lane, Ghatkopar (w), Mumbai 400 086*Mrs. Rane Aakanksha ,manager, Ph.022-25132117*COSB0000034*400164009**Maharashtra->Greater Bombay->Goregaon-w->Anand Vatika Co-op., Housing Society, Ground Floor, Building No.14, S. No.6 (part) And C.t.s. No.355 (10 To 18), Siddharth Nagar, S.v.road, Goregaon(w), Mumbai-400 062.*Mrs. Mamta M. Bandivadekar, 022-28789158, 022-28789154*COSB0000120*400164030**Maharashtra->Greater Bombay->Kandivali West->Cts 341,sangeeta Shop No.1 & 2 S.v.road Kandivali (w), Mumbai 400067*Mrs. Sabnis Sailee, Manager, Ph.022-28073762*COSB0000023*400164006**Maharashtra->Greater Bombay->Malad->Shop No. 1,2 & 3 Khandwala Lane, Khandwala Arcade, Off Daffatry Road, Malad East, Mumbai 400097*Mr. Deodiwale Mayuresh, Manager,ph. No.022-28810731,28831014*COSB0000046*400164014**Maharashtra->Greater Bombay->Malad (w)->Shop No. 6,7 & 8, Keval Tower, B.j. Patel Road, Malad (w), Mumbai - 400064*Mr. Rajiv Kosambi, 022-28446591*COSB0000099*400164023**Maharashtra->Greater Bombay->Mandvi->Abad Bank House, 323/325 Narsimh Natha Street, Mandvi Mumbai 400009*Mr. Gandhi Jitendrabhai, Deputy Manager, Ph.no.022-23448009*COSB0000068*400164018**Maharashtra->Greater Bombay->Mulund West->Apoorva Co-op Hsg.soc., Mulund (w), L.b.s Marg Mumbai 400 080*Mr.amberkar Jitendra, Manager, 022-25610621*COSB0000022*400164004**Maharashtra->Greater Bombay->Powai Extension->S.m.shetty High School ,jal Vayu Vihar Soc*022-25703557*COSB0000919*400164019**Maharashtra->Greater Bombay->Santacruz-e->Uday Darshan, Ground Floor, Plot No. 16, T.p.s.no.3, 103, Pandit Jawaharlal Nehru Road, Station Road, Santacruz (east)*Ms. Tanvi V. Kshirsagar, 022-26126971, 022-26126972*COSB0000118*400164026**Maharashtra->Greater Bombay->Thakur Vidyamandir Extn Counter, Borivli->Bldg No. 1, Thakur Complex, Kandivli East, Mumbai 400101*Mr. Gindi Mahesh, Manager,ph.no.022-39443199*COSB0000911*400164016**Maharashtra->Greater Bombay->Vashi->Persepolis Premises, C.o.h.s., Plot No.74, Sector No. 17, Vashi Navi Mumbai, Pin 400705*Mr. Deshpande Ravindra, Manager, Ph.022-27896742*COSB0000029*400164008**Maharashtra->Greater Bombay->Vile Parle East->Plot No.45, Saraswati Niwas, T P S 1,ct No.807a, Hanuman Road, Vile Parle (e), Mumbai 400 057*Mr. Pataskar Sudhir, Manager.,ph.022-26191096, Fax.26186192*COSB0000017*400164003**Maharashtra->Greater Bombay->Zaveri Bazar->19/2, Kalbadevi, Vitthalwadi, Mumbai 400 002*Mr. Kshirsagar Ravindra, Manager, Ph.022-22412930*COSB0000021*400164005**Maharashtra->Greater Mumbai->Mulund East->Purnima Darshan, 90 Feet D P Road, Mulund (east), Mumbai 400081*Mr. Sanjay Punekar 9322480888, 022-25631661, 022-25631662*COSB0000121*400164032**Maharashtra->Greater Mumbai->Veera Desai Road Andheri West->Shop No 3,4 Kshitij Building ,veera Desai Road,near Andheri Sports Complex, Andheri West,mumbai 400058*26762671*COSB0000124*400164034**Maharashtra->Jalgaon->Balaji Lane Bhusawal->Mahavir Bhavan, Balaji Lane, Bhusawal, Mh-425201*Mr.kale Mukund B 02582-221052*COSB0000096*425164101**Maharashtra->Jalgaon->M.g. Market Jalgaon->Opposite Mahatma Gandhi Market, Balirampeth, Mg Road, Jalgaon, Mh-425001*Mr.bajaj Rajesh 0257-2240900*COSB0000097*425164001**Maharashtra->Jalgaon->M.t Road Bhusawal->Graud Plot, Mamaji Talkies Road, Bhusawal, Mh-425201*Mr. Bhate Milind D 02582-222010*COSB0000095*425164102**Maharashtra->Jalgaon->Sant Gadge Baba Engineering College, Extn. Bhusawal->Sant Gadge Baba Engineering College, Ztc, Bhusawal, Mh-425201*Mr. Bhate Milind D 02582-222889*COSB0000920*425164103**Maharashtra->Jalna->Jalna->Nidhish, Plot No. 15, New Mondha Road, Bhokardan Naka, Jalna 431203*Mr. Gandhi Ram, Manager,ph.no.02482-230764,230765*COSB0000074*431164002**Maharashtra->Kolhapur->Ichalkarnji->Ward No .7, House No.20, Near K.a.janata Bank, Main Road, Ichalkaranji 416115*Phadtare Bacharam K., 9423827559, 0230-2430086, 0230-2430087*COSB0000114*416164201**Maharashtra->Kolhapur->Laxmipuri Kolhapur->C S No 1958/59 C Ward Laxmi Road Laxmi Puri Kolhapur 416002*Mr Mench Shitalnath, Manager*COSB0000088*416164002**Maharashtra->Kolhapur->Shahupuri Kolhapur->Vasant Plaza C S No 1079/kh/z E Ward Shahupuri Rajaram Road Kolhapur 416003*Mr Ravindra Nikam, Manager*COSB0000087*416164003**Maharashtra->Mumabai->Borivali East->Om Siddhigiri Co-op Housing Society Ltd,shop No.1 To 5,plot No.2,girivihar Nagar,near Shantivan,shrikrishna Nagar,sant Dyaneshwar Marg,borivali-east,mumbai-400066*X*COSB0000122*400164033**Maharashtra->Mumabai->Goregaon->Survey No.95, "d Deffinity",ground Floor,unit No.03,cts No.364,j.p.road,near Anupam Theater,goregaon(e),mumbai-400 063*Ms.ashwini A.bedekar-manager 9967607780, Mr.vinayak Borwankar A.m. 9869646179 & Mr.samir Chitnis-p.o.9819501615*COSB0000102*400164025**Maharashtra->Mumabai->Matunga (e)->Sukh Castle, 1st Floor, Plot No.371, Bhandarkar Road,near Maheshwary Udyan, Matunga (e), Mumbai 400019*Mrs. Kadambari Khanvilkar*COSB0000100*400164024**Maharashtra->Nagpur->Nagpur->27 Midas Heights, Plot No.24. S.no.1154/55, Central Bazar Rd, Ramdas Peth, Nagpur 440 012*Mr. Pujari Ravindra, Manager, Ph. 0712-2444766, 2454824 Fax. 0712-2457446*COSB0000037*440164002**Maharashtra->Nashik->D.s.kothari Kanyashala Extn Counter, Nasik->Nasik Road, Nasik 422101*Mr. Pavanskar Vidyadhar ,manager Ph.no.0253-2452541*COSB0000909*422164002**Maharashtra->Nashik->Nashik->Gurudarshan Plot No.13, S. No.719/3/1/b/1, F.p.no.476/c, Opp. Police Commissioner Office, Trimbak Link Road, Nashik 422 002*Mr. Pavanskar Vidyadhar ,manager,ph.0253- 2572941, Fax. 0253-2572942*COSB0000035*422164002**Maharashtra->Nashik->Pethe Vidyalaya Extn Counter, Nasik->Nasik Education Society, Raviwar Karanja, Nasik 422001*Mr. Pavanskar Vidyadhar ,manager Ph.no.0253-2590741*COSB0000907*422164002**Maharashtra->Nashik->Rangubai Junnare High School Extn Counter, Nasik->Kathe Lane Dwaraka Nasik 422011*Mr. Pavanskar Vidyadhar ,manager Ph.no.0253-5990648*COSB0000910*422164002**Maharashtra->Pune->Ajmera->149/2, Plot No.21, Masulkar Coloney, Near Ajmera High School, Pune 411 018*Mr. Sonawane Sunil, Manager, Ph.020-27476450*COSB0000033*411164017**Maharashtra->Pune->Alandi->800, Om Sai Sadan, Opp. Old St Stand, Alandi Devachi, Tal. Khed, Dist Pune 412105*Mr. Joshi Rajiv, Manager, Ph.02135 - 232304, 232036*COSB0000011*411164012**Maharashtra->Pune->Aundh - Sanewadi->Nav - Vrushali Hsg. Soc. S.no.128/4, Plot No 7, Aundh, Pune 411 007*Ms. Datar Geeta, Manager, Ph.020-25882697, Fax. 25889488*COSB0000007*411164008**Maharashtra->Pune->Aundh Gaon->S.no.15, Plot No.1a/1,13/2, Dhanashree Apts.s.no.2564, Pune 411007*Mrs. Deole Medha, Manager, Ph.020-25882697*COSB0000041*411164027**Maharashtra->Pune->Baner->S.no.182, Hissa No.2/2, Gayatri, Banergaon, Pune 411045*Petkar Ashish Arvind, 9822115930*COSB0000101*411164036**Maharashtra->Pune->Baramati->New Commercial Complex, Silver Jubilee Hospital Road, Opp. Naigaonkar Hospital, Baramati, Dist Pune 413 012*Mr.bedade Sharad, Manager, Ph.02112 - 223561, Fax. 02112-223154*COSB0000014*413164101**Maharashtra->Pune->Chakan->Ghanwat Plaza, G No 482, Near Shivam Guruvihar, Chakan - Talegaon Road, Chakan 410501*Inamdar Vivek*COSB0000107*411164038**Maharashtra->Pune->Chinchwad->Premier Plaza ,near Premier Co. Mumbai Pune Road, Chinchwad 411019*Mr.sarwate Suryakant, Manager. Ph.020-27471708 Fax. 27473544*COSB0000006*411164010**Maharashtra->Pune->Deccan Gymkhana->C.t.s.no.885/1, F.p.no.241/1, Bhandarkar Road, Deccan Gymkhana, Pune 411 004*Mr. Shejwalkar Bhaskar, Manager Ph.020-27460408*COSB0000027*411164022**Maharashtra->Pune->Dnyana Prabodhini->Jnana Prabodhini Nava-nagar Vidyalaya, Sec No. 25, Pradhikaran, Nigdi, Pune - 411044*Mr.patole Kiran, Manager,ph.no.020-27659388*COSB0000902*411164018**Maharashtra->Pune->Fatimanagar Branch->Showroom No. D, Kpct Mega Commercial Complex, Shivarkar Road, Fatimanagar, Pune 411013.*Mr. Vivek Inamdar*COSB0000093*411164035**Maharashtra->Pune->Ganesh Nagar->Meghasagar 1,swastishri Society, Ganesh Nagar, Pune 411 052*Mrs. Shahane Madhuri, Manager, Ph.020-25441141*COSB0000009*411164009**Maharashtra->Pune->Gokhale Nagar->1038/7, Yogini Apartment, Gokhale Nagar, Pune 411 016*Mrs. Tote Medha, Manager Ph. 020-25654743 Fax. 25650307*COSB0000003*411164005**Maharashtra->Pune->Hadapsar->S.no.153/a/bwing, Shop No.314/5/6,pune Solapur Road, Mega Center, Magarpatta City,pune 411013*Mr. Pethkar Ashish, Manager, Ph.no. 020-26821317*COSB0000906*411164029**Maharashtra->Pune->Kasba Raviwar->Savatamali Bhavan, Ganesh Road, Opp. Ursekar Hospital Pune 411002*Mr. Hejib Jayant, Manager, Ph.020-24450882*COSB0000015*411164014**Maharashtra->Pune->Katraj->S.no.19 A/1, Royal Arcade, Near Shankar Maharaj Math, Pune Satara Road, Dhankawadi, Pune 411 043*Mr. Gurav Dattatray, Manager, Ph.020-24377403*COSB0000008*411164011**Maharashtra->Pune->Khadki Bazar->82, Kohinoor Plaza, New Bazar, Dr.babasaheb Ambedkar Road, Khadki, Pune 411 003*Mr. Joshi Nishikant, Manager, Ph.020- 25811424*COSB0000002*411164004**Maharashtra->Pune->Kirloskar Oil Engines Ltd.->12 C, A/b Elphinstone Road, Dr. Babasaheb Ambedkar Road, Khadki, Pune - 411003*Mr.gokhale Abhay, Assiatant Manager, Ph.no.020-25813935*COSB0000904*411164025**Maharashtra->Pune->Kondhwa Branch->Gera Junction, Lullanagar Plot No.1, Kondhwa, Pune 411048*Mrs.dambal Pradnya,manager,ph.no.020-26836261*COSB0000073*411164030**Maharashtra->Pune->Koregaon Park->Plot No.333, Business Avenue, Off North Main Road, Sanas Residency, Koregaon Park, Pune 411 001*Mrs.garg Richa, Manager, Ph. 020-26121524, Fax. 020-26113324*COSB0000028*411164023**Maharashtra->Pune->Kothrud->128/2, Swaroop Nagari, Kothrud, Pune 411 029*Mrs. Khandke Rashmi, Manager, Ph.020-25462978 Fax.25410678*COSB0000004*411164006**Maharashtra->Pune->Laxmi Road->476, New Narayan Peth, Near Lokhande Talim,laxmi Road, Pune 411 030*Mr. Pataskar Madhav,manager.,ph.020-24455273. Fax. 020-24452263*COSB0000010*411164002**Maharashtra->Pune->Laxmi Road Special Service Cell->612, Sadashiv Peth, Kunte Chowk, Laxmi Road, Pune - 411030*Mr. Deshpande K.v.ph.no.020-24492179*COSB0000901*411164002**Maharashtra->Pune->Parvati Darshan->Plot No.1, S.no.46, Kakahalwai Estate, Somshankar Chamber, Market Yard, Pune Satara Road, Pune 4110 009*Mrs. Lande Pramila, Manager Ph.020-24222386 Fax.24223577*COSB0000001*411164003**Maharashtra->Pune->Pashan->Sai Trinity, Near Garware Fountain, Suratwadi, Sus Road Corner, Pashan, Pune - 411021*Mrs. Gayatri Anand, Manager, Ph.020-25899520*COSB0000044*411164028**Maharashtra->Pune->Paud Road->85/1b, Shankar Nagari, Paud Road Kothrud, Bldg. No.c, Pune 411 029*Mrs. Kale Vardhita, Manager, Ph.020-5381199*COSB0000019*411164020**Maharashtra->Pune->Pavana Industrial Premises Co-op Society Ltd.->Plot No. T - 204, Pavana Ind. Estate. Midc, Bhosari, Near Bhosari Post Office, Pune - 411026*Mr.patil Vishvambhar, Assistant Manager, Ph.no.020-27123200*COSB0000903*411164024**Maharashtra->Pune->Pimpri->Radhesham Estate, Block No.121, Pimpri, Pune 411 017*Mr. Sathe Pradeep, Manager Ph.020-27460408*COSB0000026*411164021**Maharashtra->Pune->Poona Blind School Extn Counter,kothrud->Gandhibhavan, Kothrud, Pune - 411038*Mrs. Khandke Rashmi, Manager ,ph.no.020-25385772*COSB0000908*411164006**Maharashtra->Pune->Pune Camp->599, Sachapir Street, Pune Camp, Pune 411 001*Mrs. Meena Ravishankar, Manager, Ph. 020-26346836, Fax. 020-26350873*COSB0000016*411164013**Maharashtra->Pune->Sarhad Extension->S.no.79/80,sarhad School Premises Shop No.11,opp Katraj Dairy Kartraj Pune*020-24361862*COSB0000916*411164008**Maharashtra->Pune->Sinhgad Road Branch->S.no. 62, Anudatta Commercial Complex, Opp. Abhiruchi Garden, Sinhgad Road, Vadgaon Budruk, Pune 411041.*Mrs. Rama Manurkar*COSB0000094*411164034**Maharashtra->Pune->Tilak Road->??pinnacle Prestige“, Shop Nos. 1, 2 & 3, Cts No. 1169/1 + 1169/2, Sadashiv Peth, Tilak Road, Pune 411030*Mr. Narendra K. Vijapure*COSB0000092*411164033**Maharashtra->Pune->University Road - Shatabdi Bhavan->Plot No.6, I.c.s. Colony,university Road, Ganeshkhind, Pune.411007*Mr.vaidya Shailendra Shyam, Ph.: 020-20240060, 020-20240062*COSB0000090*411164032**Maharashtra->Pune->Vithalwadi->Plot No.47, Shivprasad Co-op Hsg.soc., Panmala, Sinhagad Road, Vithalwadi, Pune 411 030*Mrs. Lambe Charulata, Manager, Ph.020-24331820*COSB0000005*411164007**Maharashtra->Pune->Warje->Kakade City, Karve Nagar, Punr 411052*Mrs.chaphe Kalpana, Manager,ph.020- 25466748*COSB0000032*411164019**Maharashtra->Sangli->Sangli->"yash Avenue", 120-a, Ram Mandir Corner, Sangli-miraj Road, Sangli-416416*Mr.bacharam Phadtare 0233-2321162*COSB0000085*416164151**Maharashtra->Satara->Karad->Trigun Bunglow,s.no.252/3 Mangalwar Peth,station Road,karad-415110*Harshad Kulkarni, 02164-227811, 9923510707*COSB0000086*415164352**Maharashtra->Satara->Phaltan Branch->Deccan Chowk, Laxmi Nagar, Phaltan, Dist Satara 415523*02166-225750*COSB0000078*415164152**Maharashtra->Satara->Satara Road Branch->Jyoti Smruti Sadan Satara Road Dist Satara 415010*02163-227439*COSB0000077*415164001**Maharashtra->Solapur->Solapur->Millenium Towers, 165 Railwayline, Sat Rasta, Solapur 413001, Maharashtra*-*COSB0000084*413164002**Maharashtra->Thane->Airoli->Yash Residency, Gr Fl, Sector No 6,plot No 6 ,airoli Mulund Link Road,airoli 400708*Mrs Vrunda Sawant, 9819868668, 022-27698272*COSB0000115*400164027**Maharashtra->Thane->Bhayander-w->Rushabh Apartment, Ground Floor, Building No. 1, S. No. 5a, Hissa 1 (part), Patel Nagar No. 1, Bhayander (w), Taluka & Dist. Thane 401101*Vaibhav Kambli, 9869909320, 022-28041168*COSB0000117*400164028**Maharashtra->Thane->Dombivali->Sindhudurg C.h.s. Gr .floor Tilak Chowk,tilak Nagar Dombivali ( East)*0251-2435618*COSB0000075*400164020**Maharashtra->Thane->Ghodbandar Road->Shop No.4, Cosmos Heritage, Tikujini Wadi, Off Ghodbandar Road, Manpada, Thane 400 610*Mrs. Sailee Sabnis*COSB0000098*400164022**Maharashtra->Thane->Institute Of Management & Computer Studies, Thane->C - 4, Wagale Industrial Estate, Thane West, Mumbai 400604*Mr.sawant Sanjay, Manager, Ph.no.022-25835878*COSB0000914*400164017**Maharashtra->Thane->Thane->S.no.29 Cts No.53 B/2, Mhaskar Building, Mauje Noupada, Gokhale Road, Thane(w) Mumbai 400 602*Mr.sawant Sanjay, Manager, 022-25345923*COSB0000040*400164011**Maharashtra->Thane->Vasai->Maurya Shopping Centre, Ground Floor, S No. 16, Hissa No. 10 / 11, Ambadi Road, Vasai Dist Thane 401202*D.v. Kulkarni, 8975758537, 0250-2340010, 0250-2340011*COSB0000116*400164029**Maharashtra->Yavatmal->Yavatmal->Brijlaxmi Complex, Saokar Peth,yavatmal, Dist: Yavatmal (maharashtra)*Mr.gajanan Deshmukh 9881903109*COSB0000106*445164002**Tamil Nadu->Chennai->Anna Nagar Branch->Cosmos Bank Ltd, 1st Floor, Door No 223,iind Avenue, Y Block, Vi Th Main Road, Anna Nagar,chennai 600040*9444256446*COSB0000126*600164004**Tamil Nadu->Chennai->Madipakkam->Plot No 2, New Door No 3, Ground Floor, Defence Colony, Medavakkam Main Road, Madipakkam ,chennai 600091*9445967484*COSB0000127*600164003**Tamil Nadu->Coimbatore->R.s.puram Coimbatore->No 558, Above Rashi Hospital,d.b. Road,r.s.puram,coimbatore -641002*2551999*COSB0000123*641164002**Tamil Nadu->Krishnagiri->Hosur Branch->Plot No 24 S No 180 ,sai Ajith Complex, Opp. To Ramkrishna School, Near Railway Station ,denkanikotta Road, Hosur*9841747007*COSB0000125*635164402**Telangana->Hyderabad->Habsiguda Extn.->2-27/3 Street No 3 Kakatiyanagar Habsiguda Hyderabad 500007*040-27176083*COSB0000915*500164005**